{"model":{"type":"minecraft:condition","property":"minecraft:using_item","on_true":{"type":"minecraft:range_dispatch","property":"minecraft:use_duration","scale":0.05,"entries":[{"threshold":0.65,"model":{"type":"minecraft:model","model":"krasa:item/bone_bow_pulling_2"}},{"threshold":0.9,"model":{"type":"minecraft:model","model":"krasa:item/bone_bow_pulling_3"}}],"fallback":{"type":"minecraft:model","model":"krasa:item/bone_bow_pulling_1"}},"on_false":{"type":"minecraft:model","model":"krasa:item/bone_bow"}},"oversized_in_gui":true}