{"model":{"type":"minecraft:range_dispatch","property":"minecraft:custom_model_data","entries":[{"threshold":0.0,"model":{"type":"minecraft:model","model":"nova:gen_model/1535"}},{"threshold":0.05555555555555555,"model":{"type":"minecraft:model","model":"nova:gen_model/1536"}},{"threshold":0.1111111111111111,"model":{"type":"minecraft:model","model":"nova:gen_model/1537"}},{"threshold":0.16666666666666666,"model":{"type":"minecraft:model","model":"nova:gen_model/1538"}},{"threshold":0.2222222222222222,"model":{"type":"minecraft:model","model":"nova:gen_model/1539"}},{"threshold":0.2777777777777778,"model":{"type":"minecraft:model","model":"nova:gen_model/1540"}},{"threshold":0.3333333333333333,"model":{"type":"minecraft:model","model":"nova:gen_model/1541"}},{"threshold":0.3888888888888889,"model":{"type":"minecraft:model","model":"nova:gen_model/1542"}},{"threshold":0.4444444444444444,"model":{"type":"minecraft:model","model":"nova:gen_model/1543"}},{"threshold":0.5,"model":{"type":"minecraft:model","model":"nova:gen_model/1544"}},{"threshold":0.5555555555555556,"model":{"type":"minecraft:model","model":"nova:gen_model/1545"}},{"threshold":0.6111111111111112,"model":{"type":"minecraft:model","model":"nova:gen_model/1546"}},{"threshold":0.6666666666666666,"model":{"type":"minecraft:model","model":"nova:gen_model/1547"}},{"threshold":0.7222222222222222,"model":{"type":"minecraft:model","model":"nova:gen_model/1548"}},{"threshold":0.7777777777777778,"model":{"type":"minecraft:model","model":"nova:gen_model/1549"}},{"threshold":0.8333333333333334,"model":{"type":"minecraft:model","model":"nova:gen_model/1550"}},{"threshold":0.8888888888888888,"model":{"type":"minecraft:model","model":"nova:gen_model/1551"}},{"threshold":0.9444444444444444,"model":{"type":"minecraft:model","model":"nova:gen_model/1552"}},{"threshold":1.0,"model":{"type":"minecraft:model","model":"nova:gen_model/1553"}}]},"oversized_in_gui":true}