{"textures":{"0":"krasa:item/blindfold_head","particle":"krasa:item/blindfold_head"},"elements":[{"from":[4.0,11.0,4.0],"to":[12.0,19.0,12.0],"rotation":{"angle":0.0,"axis":"y","origin":[4.0,11.0,4.0]},"faces":{"north":{"uv":[4.0,4.0,8.0,8.0],"texture":"#0"},"east":{"uv":[0.0,4.0,4.0,8.0],"texture":"#0"},"south":{"uv":[4.0,0.0,8.0,4.0],"texture":"#0"},"west":{"uv":[8.0,4.0,12.0,8.0],"texture":"#0"}}},{"from":[3.75,10.75,11.75],"to":[12.25,19.25,12.25],"rotation":{"angle":0.0,"axis":"y","origin":[8.0,15.0,8.0]},"faces":{"south":{"uv":[0.0,0.0,4.0,4.0],"texture":"#0"}}}],"display":{"head":{"translation":[0.0,-12.0,0.0],"scale":[1.8,1.8,1.8]}}}