{"model":{"type":"minecraft:range_dispatch","property":"minecraft:custom_model_data","entries":[{"threshold":0.0,"model":{"type":"minecraft:model","model":"nova:gen_model/68"}},{"threshold":0.05555555555555555,"model":{"type":"minecraft:model","model":"nova:gen_model/69"}},{"threshold":0.1111111111111111,"model":{"type":"minecraft:model","model":"nova:gen_model/70"}},{"threshold":0.16666666666666666,"model":{"type":"minecraft:model","model":"nova:gen_model/71"}},{"threshold":0.2222222222222222,"model":{"type":"minecraft:model","model":"nova:gen_model/72"}},{"threshold":0.2777777777777778,"model":{"type":"minecraft:model","model":"nova:gen_model/73"}},{"threshold":0.3333333333333333,"model":{"type":"minecraft:model","model":"nova:gen_model/74"}},{"threshold":0.3888888888888889,"model":{"type":"minecraft:model","model":"nova:gen_model/75"}},{"threshold":0.4444444444444444,"model":{"type":"minecraft:model","model":"nova:gen_model/76"}},{"threshold":0.5,"model":{"type":"minecraft:model","model":"nova:gen_model/77"}},{"threshold":0.5555555555555556,"model":{"type":"minecraft:model","model":"nova:gen_model/78"}},{"threshold":0.6111111111111112,"model":{"type":"minecraft:model","model":"nova:gen_model/79"}},{"threshold":0.6666666666666666,"model":{"type":"minecraft:model","model":"nova:gen_model/80"}},{"threshold":0.7222222222222222,"model":{"type":"minecraft:model","model":"nova:gen_model/81"}},{"threshold":0.7777777777777778,"model":{"type":"minecraft:model","model":"nova:gen_model/82"}},{"threshold":0.8333333333333334,"model":{"type":"minecraft:model","model":"nova:gen_model/83"}},{"threshold":0.8888888888888888,"model":{"type":"minecraft:model","model":"nova:gen_model/84"}},{"threshold":0.9444444444444444,"model":{"type":"minecraft:model","model":"nova:gen_model/85"}},{"threshold":1.0,"model":{"type":"minecraft:model","model":"nova:gen_model/86"}}]},"oversized_in_gui":true}