{"model":{"type":"minecraft:range_dispatch","property":"minecraft:custom_model_data","entries":[{"threshold":0.0,"model":{"type":"minecraft:model","model":"nova:gen_model/87"}},{"threshold":0.05555555555555555,"model":{"type":"minecraft:model","model":"nova:gen_model/88"}},{"threshold":0.1111111111111111,"model":{"type":"minecraft:model","model":"nova:gen_model/89"}},{"threshold":0.16666666666666666,"model":{"type":"minecraft:model","model":"nova:gen_model/90"}},{"threshold":0.2222222222222222,"model":{"type":"minecraft:model","model":"nova:gen_model/91"}},{"threshold":0.2777777777777778,"model":{"type":"minecraft:model","model":"nova:gen_model/92"}},{"threshold":0.3333333333333333,"model":{"type":"minecraft:model","model":"nova:gen_model/93"}},{"threshold":0.3888888888888889,"model":{"type":"minecraft:model","model":"nova:gen_model/94"}},{"threshold":0.4444444444444444,"model":{"type":"minecraft:model","model":"nova:gen_model/95"}},{"threshold":0.5,"model":{"type":"minecraft:model","model":"nova:gen_model/96"}},{"threshold":0.5555555555555556,"model":{"type":"minecraft:model","model":"nova:gen_model/97"}},{"threshold":0.6111111111111112,"model":{"type":"minecraft:model","model":"nova:gen_model/98"}},{"threshold":0.6666666666666666,"model":{"type":"minecraft:model","model":"nova:gen_model/99"}},{"threshold":0.7222222222222222,"model":{"type":"minecraft:model","model":"nova:gen_model/100"}},{"threshold":0.7777777777777778,"model":{"type":"minecraft:model","model":"nova:gen_model/101"}},{"threshold":0.8333333333333334,"model":{"type":"minecraft:model","model":"nova:gen_model/102"}},{"threshold":0.8888888888888888,"model":{"type":"minecraft:model","model":"nova:gen_model/103"}},{"threshold":0.9444444444444444,"model":{"type":"minecraft:model","model":"nova:gen_model/104"}},{"threshold":1.0,"model":{"type":"minecraft:model","model":"nova:gen_model/105"}}]},"oversized_in_gui":true}