{"providers":[{"type":"bitmap","file":"nova:font/recipe_numbers/space.png","ascent":-27,"chars":[" "],"height":8},{"type":"bitmap","file":"nova:font/recipe_numbers/0.png","ascent":-27,"chars":["0"],"height":8},{"type":"bitmap","file":"nova:font/recipe_numbers/1.png","ascent":-27,"chars":["1"],"height":8},{"type":"bitmap","file":"nova:font/recipe_numbers/2.png","ascent":-27,"chars":["2"],"height":8},{"type":"bitmap","file":"nova:font/recipe_numbers/3.png","ascent":-27,"chars":["3"],"height":8},{"type":"bitmap","file":"nova:font/recipe_numbers/4.png","ascent":-27,"chars":["4"],"height":8},{"type":"bitmap","file":"nova:font/recipe_numbers/5.png","ascent":-27,"chars":["5"],"height":8},{"type":"bitmap","file":"nova:font/recipe_numbers/6.png","ascent":-27,"chars":["6"],"height":8},{"type":"bitmap","file":"nova:font/recipe_numbers/7.png","ascent":-27,"chars":["7"],"height":8},{"type":"bitmap","file":"nova:font/recipe_numbers/8.png","ascent":-27,"chars":["8"],"height":8},{"type":"bitmap","file":"nova:font/recipe_numbers/9.png","ascent":-27,"chars":["9"],"height":8},{"type":"bitmap","file":"nova:font/recipe_numbers/slash.png","ascent":-27,"chars":["/"],"height":8}]}